"B.P.O. ASESORES EMPRESARIALES S.A.","","",""
"Plan de Cuentas","","",""
"","","",""
"1","Activos","Tipo","351,542.18"
"1.1","    Activo Corriente","","349,961.78"
"1.1.1","        Efectivo y Equivalentes a Efectivo","","-54,930.08"
"1.1.1.1","            Caja","Caja","0.00"
"1.1.1.2","            Caja Chica","Caja Chica","18.91"
"1.1.1.3","            Bancos","Banco","-54,948.99"
"1.1.1.3.1","                BOLIVARIANO","Banco","-21,541.21"
"1.1.1.3.2","                PACIFICO","Banco","4.77"
"1.1.1.3.3","                PICHINCHA","Banco","-33,413.91"
"1.1.1.3.4","                Banco Comercial de Manabi","Banco","1.36"
"1.1.1.4","            Banco dinero electrónico","Banco dinero electrónico","0.00"
"1.1.1.5","            Transferencias Interbancarias","Banco","0.00"
"1.1.2","        Activos Financieros","","215,536.96"
"1.1.2.1","            Activos Financieros con cambios en resultados","Activos Financieros con Cambios en Resultados","0.00"
"1.1.2.2","            Activos Financieros Disponibles para la Venta","Activos Financieros disponibles para la Venta","0.00"
"1.1.2.3","            Activos Financieros mantenidos hasta el vencimiento","Activos Financieros mantenidos hasta el Vencimiento","0.00"
"1.1.2.4","            (-) Provisión por Deterioro","(-) Provisión por Deterioro","0.00"
"1.1.2.5","            Cuentas por Cobrar","","216,270.97"
"1.1.2.5.1","                Clientes Comerciales.","Cuenta por Cobrar","68,741.74"
"1.1.2.5.2","                Diprofonía","Cuenta por Cobrar","36,642.00"
"1.1.2.5.3","                Blumod SA","Cuenta por Cobrar Relacionadas","0.00"
"1.1.2.5.4","                Pasdarcar","Cuenta por Cobrar Relacionadas","0.00"
"1.1.2.5.5","                Fid Bosques los Ceibos","Cuenta por Cobrar","10,141.00"
"1.1.2.5.6","                Corpvis","Cuenta por Cobrar","0.00"
"1.1.2.5.7","                Timec SA","Cuenta por Cobrar","0.00"
"1.1.2.5.8","                Preserexas","Cuenta por Cobrar","0.00"
"1.1.2.5.9","                Fid Mercantil Hotel Aereopuerto Quito","Cuenta por Cobrar","0.00"
"1.1.2.5.10","                Galostar SA","Cuenta por Cobrar","0.00"
"1.1.2.5.11","                Exporcambrit SA","Cuenta por Cobrar","0.00"
"1.1.2.5.12","                Cheques por Cobrar","Cuenta por Cobrar","0.00"
"1.1.2.5.13","                xxxxx Antes T/c","Cuenta por Cobrar (Tarjetas de Crédito)","0.00"
"1.1.2.5.14","                Clientes Comerciales Exterior","Cuenta por Cobrar","0.00"
"1.1.2.5.15","                Socios o Accionistas","Cuenta por Cobrar","0.00"
"1.1.2.5.16","                Funcionarios y/o Empleados","Cuenta por Cobrar","1,146.23"
"1.1.2.5.17","                Compañías Relacionadas","Cuenta por Cobrar","0.00"
"1.1.2.5.18","                Galápagos Organic Orgal","Cuenta por Cobrar","4,600.00"
"1.1.2.5.19","                Fideicomiso Torres del Jardin","Cuenta por Cobrar","0.00"
"1.1.2.5.20","                Lazzate C.Ltda","Cuenta por Cobrar","0.00"
"1.1.2.5.21","                Fideicomiso San Critobal","Cuenta por Cobrar Relacionadas","0.00"
"1.1.2.5.22","                Fideicomiso Hotel Aeropuerto","Cuenta por Cobrar Relacionadas","0.00"
"1.1.2.5.23","                Fideicomiso Mercantil Hotel Samborondon","Cuenta por Cobrar","95,000.00"
"1.1.2.5.24","                Pacificcam SA","Cuenta por Cobrar","0.00"
"1.1.2.5.25","                Fidelizaciones Externas","Cuenta por Cobrar","0.00"
"1.1.2.6","            Documentos por Cobrar","","0.00"
"1.1.2.6.1","                Clientes Comerciales (Documentos por Cobrar)","Documento por Cobrar","0.00"
"1.1.2.6.2","                Socios o Accionistas","Documento por Cobrar Relacionadas","0.00"
"1.1.2.6.3","                Funcionarios y/o Empleados","Documento por Cobrar Relacionadas","0.00"
"1.1.2.6.4","                Compañías Relacionadas","Documento por Cobrar Relacionadas","0.00"
"1.1.2.7","            Otras Cuentas por Cobrar","Cuenta por Cobrar","0.00"
"1.1.2.8","            Provision para Cuentas Incobrables","Cuenta por Cobrar","-734.01"
"1.1.3","        Inventario","","0.00"
"1.1.3.1","            Materia Prima","Materia Prima","0.00"
"1.1.3.2","            Producto en Proceso","Productos en Proceso","0.00"
"1.1.3.3","            Suministros o materiales a ser consumidos en el proceso de producción ","Suministros o Materiales a ser Consumidos en el Proceso de Producción","0.00"
"1.1.3.4","            Suministros o materiales a ser consumidos en la prestación de servicios","Suministros o Materiales a ser Consumidos en la prestación de Servicios","0.00"
"1.1.3.5","            Productos terminados y mercadería producidos por la compañía","Productos terminados y mercadería producidos por la compañía ","0.00"
"1.1.3.6","            Productos terminados y mercadería comprados a terceros","Productos terminados y mercadería comprados a terceros","0.00"
"1.1.3.7","            Mercaderías en Transito","Mercaderías en Transito ","0.00"
"1.1.3.8","            Obras en Construcción","Obras en Construcción ","0.00"
"1.1.3.9","            Inventarios repuestos, herramientas y accesorios","Inventarios, repuestos, herramientas y accesorios","0.00"
"1.1.3.10","            Otros Inventarios","Otros Inventarios","0.00"
"1.1.3.11","            (-) Provisión de Inventarios por valor neto de realización","(-) Provision de Inventarios por valor neto de realización ","0.00"
"1.1.3.12","            (-) Provisión de Inventarios por deterioro","(-) Provision de Inventarios por deterioro","0.00"
"1.1.4","        Servicios y otros Pagos Anticipados","","16,574.59"
"1.1.4.1","            Seguros","Seguros pagados por Anticipado","0.00"
"1.1.4.2","            Arriendos","Arriendos Pagados por Anticipado","0.00"
"1.1.4.3","            Anticipo a Proveedores","Anticipo Proveedores","16,574.59"
"1.1.4.4","            Otros Anticipos Entregados","Otros Anticipos Entregados","0.00"
"1.1.4.5","            Buen uso del Anticipo","Anticipo Proveedores","0.00"
"1.1.4.6","            PASDASCAR .- SUELDO  JASM","Anticipo Proveedores","0.00"
"1.1.5","        Activos por Impuestos Corrientes","","92,114.16"
"1.1.5.1","            IVA sobre Compras","","828.40"
"1.1.5.1.1","                IVA sobre Compras","Credito Tributario a favor de la Empresa (IVA)","828.40"
"1.1.5.2","            Retenciones del IVA","","299.25"
"1.1.5.2.1","                30% Bienes","Credito Tributario a favor de la Empresa (IVA)","0.00"
"1.1.5.2.2","                70% Servicios","Credito Tributario a favor de la Empresa (IVA)","299.25"
"1.1.5.2.3","                100% Honorarios, Arrendamientos, Personas Naturales","Credito Tributario a favor de la Empresa (IVA)","0.00"
"1.1.5.2.4","                100% Exportadores","Credito Tributario a favor de la Empresa (IVA)","0.00"
"1.1.5.2.5","                10% Bienes (Contribuyentes Especiales)","Credito Tributario a favor de la Empresa (IVA)","0.00"
"1.1.5.2.6","                20% Servicios (Contribuyentes Especiales)","Credito Tributario a favor de la Empresa (IVA)","0.00"
"1.1.5.2.7","                50% Servicios (Exportadores de Recursos Naturales No Renovables)","Credito Tributario a favor de la Empresa (IVA)","0.00"
"1.1.5.2.8","                100% Empresas Públicas","Credito Tributario a favor de la Empresa (IVA)","0.00"
"1.1.5.2.9","                100% Liquidación de Compra de Bienes y Servicios","Credito Tributario a favor de la Empresa (IVA)","0.00"
"1.1.5.2.10","                Retención IVA 0","Credito Tributario a favor de la Empresa (IVA)","0.00"
"1.1.5.2.11","                100% Contribuyentes Especiales","Credito Tributario a favor de la Empresa (IVA)","0.00"
"1.1.5.2.12","                100% Operadores de turismo","Credito Tributario a favor de la Empresa (IVA)","0.00"
"1.1.5.3","            Retenciones en la Fuente del Impuesto a la Renta","","84,037.02"
"1.1.5.3.1","                1% Bienes Muebles de Naturaleza Corporal","Credito Tributario a favor de la Empresa (IR)","0.00"
"1.1.5.3.2","                2% Servicios","Credito Tributario a favor de la Empresa (IR)","0.00"
"1.1.5.3.3","                8% Honorarios, Arrendamientos, Docencia, Deportistas","Credito Tributario a favor de la Empresa (IR)","0.00"
"1.1.5.3.4","                25% Extranjeros No Residentes","Credito Tributario a favor de la Empresa (IR)","0.00"
"1.1.5.3.5","                10% Hon.Profesionales y Dietas; Arriendos,Notarios y Otros","Credito Tributario a favor de la Empresa (IR)","0.00"
"1.1.5.3.6","                15% Loterías, Rifas y Similares","Credito Tributario a favor de la Empresa (IR)","0.00"
"1.1.5.3.7","                Otras Retenciones Aplicables al Cód.343 1%","Credito Tributario a favor de la Empresa (IR)","0.00"
"1.1.5.3.8","                Servicios 2.75% (Activo)","Credito Tributario a favor de la Empresa (IR)","0.00"
"1.1.5.3.9","                1.75% Bienes Muebles de Naturaleza Corporal","Credito Tributario a favor de la Empresa (IR)","0.00"
"1.1.5.3.10","                1.75% Régimen Microempresas","Credito Tributario a favor de la Empresa (IR)","0.00"
"1.1.5.3.11","                Retenciones en la Fuente años anteriores","Credito Tributario a favor de la Empresa (IR)","58,394.50"
"1.1.5.3.12","                Retenciones en la Fuente año 2019","Credito Tributario a favor de la Empresa (IR)","2,851.70"
"1.1.5.3.13","                Retenciones en la Fuente año 2020","Credito Tributario a favor de la Empresa (IR)","4,795.84"
"1.1.5.3.14","                Retenciones en la Fuente año 2021","Credito Tributario a favor de la Empresa (IR)","4,302.94"
"1.1.5.3.15","                Impuesto único a ingresos provenientes de actividades agropecuarias","Credito Tributario a favor de la Empresa (IR)","0.00"
"1.1.5.3.16","                Otras Autoretenciones","Credito Tributario a favor de la Empresa (IR)","0.00"
"1.1.5.3.17","                Retenciones en la Fuente año 2022","Credito Tributario a favor de la Empresa (IR)","9,877.40"
"1.1.5.3.18","                Retenciones en la Fuente año 2023","Credito Tributario a favor de la Empresa (IR)","2,261.01"
"1.1.5.3.19","                Retenciones en la Fuente año 2024","Credito Tributario a favor de la Empresa (IR)","460.13"
"1.1.5.3.20","                Retenciones en la Fuente año 2025","Credito Tributario a favor de la Empresa (IR)","1,093.50"
"1.1.5.4","            Anticipo de Impuesto a Renta","","0.00"
"1.1.5.4.1","                1era. Cuota Julio","Anticipo de Impuesto a la Renta","0.00"
"1.1.5.4.2","                2da. Cuota Septiembre","Anticipo de Impuesto a la Renta","0.00"
"1.1.5.5","            Crédito Tributario","Credito Tributario a favor de la Empresa (IVA)","6,949.49"
"1.1.5.5.1","                Crédito Tributario IVA","Credito Tributario a favor de la Empresa (IVA)","6,949.49"
"1.1.5.5.2","                Crédito Tributario RENTA","Credito Tributario a favor de la Empresa (IR)","0.00"
"1.1.6","        Activos No Corrientes Mantenidos para la Venta y Op. desc.","Activos No Corrientes mantenidos para la Venta y descontinuadas.","0.00"
"1.1.7","        Cuentas por Cobrar Varias","Otros Activos Corrientes","80,434.88"
"1.1.7.1","            Préstamo Pasdarcar","Otros Activos Corrientes","-662.91"
"1.1.7.2","            Pasdarcar Varios por Cobrar","Otros Activos Corrientes","-976.18"
"1.1.7.3","            Estrucplan Varios por Cobrar","Otros Activos Corrientes","0.00"
"1.1.7.4","            Estrucplan Préstamos Activo","Otros Activos Corrientes","26,093.22"
"1.1.7.5","            Fideicomiso Hotel San Cristobal (Diprofonia)","Otros Activos Corrientes","0.00"
"1.1.7.6","            Diprofonía Préstamo","Otros Activos Corrientes","18,000.00"
"1.1.7.7","            Juan Carlos Santos Oberti (otros)","Otros Activos Corrientes","-692.42"
"1.1.7.8","            Tarjeta de crédito (Cobro)","Otros Activos Corrientes","38,673.17"
"1.1.8","        Otros Activos Corrientes","Otros Activos Corrientes","231.27"
"1.1.9","        FIDEICOMISO HOTEL AEROPUERTO","Cuenta por Cobrar","0.00"
"1.1.10","        Estrucplan Rend.Pagados Pagaré","Otros Activos Corrientes","0.00"
"1.1.10.1","            Clinica Rendon/Pagaré","Otros Activos Corrientes","0.00"
"1.1.10.2","            Notaría FH Samborondon","Otros Activos Corrientes","0.00"
"1.1.10.3","            BanEcuador Probimanta/Pagaré","Otros Activos Corrientes","0.00"
"1.1.10.4","            Holiday Inn Sto.Domingo","Otros Activos Corrientes","0.00"
"1.1.11","        Pasdarcar Rend. Pagados Pagaré","Otros Activos Corrientes","0.00"
"1.1.11.1","            Vinicio Aray/Pagaré","Otros Activos Corrientes","0.00"
"1.1.11.2","            Monica Molina/Pagaré","Otros Activos Corrientes","0.00"
"1.1.11.3","            Hip. Faray/Pagaré","Otros Activos Corrientes","0.00"
"1.1.11.4","            Enext FHSC/Pagaré","Otros Activos Corrientes","0.00"
"1.1.12","        Rendimientos Financieros (Activo)","Otros Activos Corrientes","0.00"
"1.1.13","        Anticipo a Empleados","Otros Anticipos Entregados","0.00"
"1.1.13.1","            Joseph Sosa","Otros Anticipos Entregados","0.00"
"1.2","    Activos No Corrientes","","1,580.40"
"1.2.1","        Propiedad, Planta y Equipos","","1,580.40"
"1.2.1.1","            Terrenos","Terrenos","0.00"
"1.2.1.2","            Edificios","Edificios","0.00"
"1.2.1.3","            Construcciones en Curso ","Construcciones en Curso","0.00"
"1.2.1.4","            Instalaciones ","Instalaciones","0.00"
"1.2.1.5","            Muebles y Enseres","Muebles y Enseres","0.00"
"1.2.1.6","            Maquinarias y Equipos","Maquinarias y Equipos","0.00"
"1.2.1.7","            Equipos de Computación","Equipos de Computación","4,885.51"
"1.2.1.8","            Vehículos, equipos de transporte y equipo caminero móvil","Vehiculo, equipos de transporte y equipo caminero movil","0.00"
"1.2.1.9","            Otras Propiedades, Planta y Equipo","Otras Propiedades, Planta y Equipo","892.85"
"1.2.1.10","            Repuestos y Herramientas","Repuestos y Herramientas ","0.00"
"1.2.1.11","            (-) Depreciación Acumulada Propiedades, Planta y Equipo","(-) Depreciación Acumulada Propiedades, Planta  y Equipo ","-4,197.96"
"1.2.1.12","            (-) Depreciación Equipos de Cómputo","(-) Depreciación Acumulada Propiedades, Planta  y Equipo ","0.00"
"1.2.1.13","            Activos de Exploración y Explotación ","Activos de Exploración y Explotación ","0.00"
"1.2.1.14","            Naves, Aeronaves, Barcazas y Similares","Naves, Aeronaves, Barcazas y Similares","0.00"
"1.2.2","        Propiedades de Inversion","","0.00"
"1.2.2.1","            Terrenos","Terrenos de Inversión","0.00"
"1.2.2.2","            Edificios","Edificios de Inversión","0.00"
"1.2.2.3","            (-) Depreciación Acumulada de Propiedades de Inversión","(-) Deterioro Acumulado de Propiedades de Inversión","0.00"
"1.2.2.4","            (-) Deterioro Acumulado de Propiedades de Inversión","(-) Deterioro Acumulado de Propiedades de Inversión","0.00"
"1.2.3","        Activos Biológicos","","0.00"
"1.2.3.1","            Animales Vivos en Crecimiento","Activo fijo","0.00"
"1.2.3.2","            Animales Vivos en Producción","Activo fijo","0.00"
"1.2.3.3","            (-) Depreciación Activos Biológicos","Activo fijo","0.00"
"1.2.3.4","            (-) Deterioro Activos Biológicos","Activo fijo","0.00"
"1.2.4","        Intangibles","","0.00"
"1.2.4.1","            Plusvalías","Plusvalías","0.00"
"1.2.4.2","            Marcas, Patentes, Derechos de Llave, Cuotas Patrimoniales","Marcas, Patentes, Derechos de Llave, Cuotas Patrimoniales","0.00"
"1.2.4.3","            Activos de Exploración y Explotación","Activos de Exploración y Explotación ","0.00"
"1.2.4.4","            (-) Amortización Acumulada de Activos Intangibles","(-) Amortización Acumulada de Activos Intangibles","0.00"
"1.2.4.5","            (-) Deterioro Acumulado de Activos Intangibles","(-) Deterioro Acumulado de Activos Intangibles","0.00"
"1.2.4.6","            Otros Activos Intangibles","Otros Activos Intangibles","0.00"
"1.2.5","        Activos por Impuestos Diferidos","Activos por Impuestos Diferidos","0.00"
"1.2.6","        Activos Financieros No Corrientes","","0.00"
"1.2.6.1","            Activos Financieros mantenidos hasta el Vencimiento No Corrientes","Activos Financieros hasta el vencimiento No Corrientes","0.00"
"1.2.6.2","            (-) Deterioro de Activos Financieros hasta el Vencimiento No Corrientes","(-) Deterioro de Activos Financieros hasta el vencimiento No Corrientes","0.00"
"1.2.6.3","            Documentos y Cuentas por Cobrar No Corrientes","Documentos y Cuentas por Cobrar No Corrientes","0.00"
"1.2.6.4","            (-) Cuentas Incobrables de Activos Financieros No Corrientes","(-) Cuenta Incobrables de Activos Financieros No Corrientes","0.00"
"1.2.7","        Otros Activos No Corrientes","Otros Activos No Corrientes","0.00"
"1.2.8","        OTRAS CUENTAS POR COBRAR DE ORDEN","Cuenta por Pagar Relacionadas","0.00"
"2","Pasivos","","216,842.17"
"2.1","    Pasivo Corriente","","204,655.79"
"2.1.1","        Pasivos Financieros con Cambios en Resultados","Pasivos Financieros con cambio en Resultados","0.00"
"2.1.2","        Pasivos por Contratos de Arrendamientos Financieros","Pasivos por Contratos de Arrendamiento Financieros","0.00"
"2.1.3","        Cuentas y Documentos por Pagar","","148,083.15"
"2.1.3.1","            Cuentas por Pagar Proveedores","","148,083.15"
"2.1.3.1.1","                Proveedores varios","Cuenta por Pagar","37,539.15"
"2.1.3.1.2","                Proveedores Exterior","Cuenta por Pagar del Exterior","0.00"
"2.1.3.1.3","                Pasdarcar Otros Prestamos","Cuenta por Pagar","25,107.86"
"2.1.3.1.4","                Directv","Cuenta por Pagar","0.00"
"2.1.3.1.5","                Telconet","Cuenta por Pagar","0.00"
"2.1.3.1.6","                Conecel","Cuenta por Pagar","0.00"
"2.1.3.1.7","                Zúkalo","Cuenta por Pagar","0.00"
"2.1.3.1.8","                Equifax","Cuenta por Pagar","0.00"
"2.1.3.1.9","                EcuaCTI Cia. Ltda.","Cuenta por Pagar","193.04"
"2.1.3.1.10","                Cnel","Cuenta por Pagar","0.00"
"2.1.3.1.11","                Plaza Navas Pablo","Cuenta por Pagar","101.75"
"2.1.3.1.12","                Luis Procel","Otros Pasivos Corrientes","0.00"
"2.1.3.1.13","                Lanuzzelli Granja Aldo","Cuenta por Pagar","171.95"
"2.1.3.1.14","                Viviana Torres","Cuenta por Pagar","0.00"
"2.1.3.1.15","                Cnt","Cuenta por Pagar","0.00"
"2.1.3.1.16","                Interagua","Cuenta por Pagar","0.00"
"2.1.3.1.17","                Jackelin Gomez","Cuenta por Pagar","1.17"
"2.1.3.1.18","                Pasdarcar.- Arriendos","Cuenta por Pagar","37,732.46"
"2.1.3.1.19","                Juan Carlos Santos Oberti (Fact)","Cuenta por Pagar","-1,850.00"
"2.1.3.1.20","                Mario Vera","Cuenta por Pagar","0.00"
"2.1.3.1.21","                Ecuacable","Cuenta por Pagar","0.00"
"2.1.3.1.22","                Ulpo Carangui Luis Enrique","Cuenta por Pagar","0.00"
"2.1.3.1.23","                Isabel Piedra","Cuenta por Pagar","0.00"
"2.1.3.1.24","                Rebeca Pérez","Cuenta por Pagar","0.00"
"2.1.3.1.25","                El Rosado","Cuenta por Pagar","411.66"
"2.1.3.1.26","                Plastiglobal SA","Cuenta por Pagar","48,674.11"
"2.1.3.2","            Documentos por Pagar","","0.00"
"2.1.3.2.1","                Documentos por Pagar Proveedores","Documento por Pagar","0.00"
"2.1.3.2.2","                Documentos por Pagar Proveedores Exterior","Documento por Pagar del Exterior","0.00"
"2.1.4","        Obligaciones Con Instituciones Financieras","","6,888.42"
"2.1.4.1","            Obligaciones con Instituciones Financieras Locales","Obligaciones con Instituciones Financieras Locales","0.00"
"2.1.4.2","            Obligaciones con Instituciones Financieras Locales1","Obligaciones con Instituciones Financieras Locales","1,385.73"
"2.1.4.2.1","                Préstamo Banco Comercial de Manabí Corriente","Obligaciones con Instituciones Financieras Locales","1,385.73"
"2.1.4.3","            Tarjeta de crédito (Pago)","Cuenta por Pagar (Tarjetas de Crédito)","5,502.69"
"2.1.4.3.1","                Pichincha T/C Mastercad","Cuenta por Pagar (Tarjetas de Crédito)","5,345.75"
"2.1.4.3.2","                Pacifico Mastercard","Cuenta por Pagar (Tarjetas de Crédito)","-250.00"
"2.1.4.3.3","                Titanium","Cuenta por Pagar (Tarjetas de Crédito)","-2,536.26"
"2.1.4.3.4","                Diners Club","Cuenta por Pagar (Tarjetas de Crédito)","-900.00"
"2.1.4.3.5","                Pichincha T/C JCSM","Cuenta por Pagar (Tarjetas de Crédito)","0.00"
"2.1.4.3.6","                Visa Austro T/C JCSM","Cuenta por Pagar (Tarjetas de Crédito)","0.00"
"2.1.4.3.7","                VISA (SRI)","Cuenta por Pagar (Tarjetas de Crédito)","0.00"
"2.1.4.3.8","                Pichincha Mastercard Iess","Cuenta por Pagar (Tarjetas de Crédito)","3,843.20"
"2.1.4.4","            Obligaciones Temportales por Sobregiro","Cuenta por Pagar","0.00"
"2.1.4.5","            Obligaciones con Instituciones Financieras del Exterior","Obligaciones con Instituciones Financieras del Exterior","0.00"
"2.1.5","        Provisiones","Cuenta por Pagar","0.00"
"2.1.5.1","            Provisiones Locales","Cuenta por Pagar","0.00"
"2.1.5.2","            Provisiones del Exterior","Cuenta por Pagar","0.00"
"2.1.6","        Porcion Corriente de Obligaciones Emitidas","Porción Corriente de Obligaciones Emitidas","0.00"
"2.1.7","        Otras Obligaciones Corrientes","","14,232.83"
"2.1.7.1","            Retenciones del I.E.S.S.","","0.00"
"2.1.7.1.1","                xxxx 9.45%","Obligaciones Sociales con el IESS","0.00"
"2.1.7.1.2","                xxxx Pq","Obligaciones Sociales con el IESS","0.00"
"2.1.7.1.3","                Prestamos Hipotecarios","Obligaciones Sociales con el IESS","0.00"
"2.1.7.2","            Retenciones en la Fuente de Impuestos a la Renta","","511.71"
"2.1.7.2.1","                1% Bienes Muebles de Naturaleza Corporal","Obligaciones Tributarias","0.00"
"2.1.7.2.2","                2% Servicios","Obligaciones Tributarias","0.00"
"2.1.7.2.3","                8% Honorarios, Arrendamientos, Docencia, Deportistas","Obligaciones Tributarias","0.00"
"2.1.7.2.4","                25% Extranjeros No Residentes","Obligaciones Tributarias","0.00"
"2.1.7.2.5","                10% Hon.Profesionales y Dietas; Arriendos,Notarios y Otros","Obligaciones Tributarias","488.20"
"2.1.7.2.6","                15% Loterías, Rifas y Similares","Obligaciones Tributarias","0.00"
"2.1.7.2.7","                Otras Retenciones Aplicables al Cód. 343","Obligaciones Tributarias","0.00"
"2.1.7.2.8","                2.75% Servicios","Obligaciones Tributarias","23.51"
"2.1.7.2.9","                1.75% Bienes Muebles de Naturaleza Corporal","Obligaciones Tributarias","0.00"
"2.1.7.2.10","                1.75% Régimen Microempresas","Obligaciones Tributarias","0.00"
"2.1.7.2.11","                Retenciones Empleados Relac Depend","Obligaciones Tributarias","0.00"
"2.1.7.2.12","                Impuesto único a ingresos provenientes de actividades agropecuarias","Obligaciones Tributarias","0.00"
"2.1.7.2.13","                Retenciones Varias por Pagar","Obligaciones Tributarias","0.00"
"2.1.7.2.14","                3% Servicios profesionales prestados por sociedades residentes","Obligaciones Tributarias","0.00"
"2.1.7.2.15","                1% Seguros y reaseguros (primas y cesiones)","Obligaciones Tributarias","0.00"
"2.1.7.3","            Retenciones del Impuesto al Valor Agregado","","822.07"
"2.1.7.3.1","                30% Bienes","Obligaciones Tributarias","0.00"
"2.1.7.3.2","                70% Servicios","Obligaciones Tributarias","89.78"
"2.1.7.3.3","                100% Honorarios, Arrendamientos","Obligaciones Tributarias","732.29"
"2.1.7.3.4","                100% Exportadores","Obligaciones Tributarias","0.00"
"2.1.7.3.5","                10% Bienes (Contribuyentes Especiales)","Obligaciones Tributarias","0.00"
"2.1.7.3.6","                20% Servicios (Contribuyentes Especiales)","Obligaciones Tributarias","0.00"
"2.1.7.3.7","                50% Servicios (Exportadores de Recursos Naturales No Renovables)","Obligaciones Tributarias","0.00"
"2.1.7.3.8","                100% Empresas Públicas","Obligaciones Tributarias","0.00"
"2.1.7.3.9","                100% Liquidación de Compra de Bienes y Servicios","Obligaciones Tributarias","0.00"
"2.1.7.3.10","                100% Contribuyentes Especiales","Obligaciones Tributarias","0.00"
"2.1.7.3.11","                100% Operadores de turismo","Obligaciones Tributarias","0.00"
"2.1.7.4","            IVA Sobre Ventas","","1,027.50"
"2.1.7.4.1","                IVA sobre Ventas","Obligaciones Tributarias","1,027.50"
"2.1.7.4.2","                Iva por Pagar","Obligaciones Tributarias","0.00"
"2.1.7.5","            Impuestos por Pagar","","0.00"
"2.1.7.5.1","                Impuesto a la Renta Cía.","Impuesto a la Renta por Pagar","0.00"
"2.1.7.5.2","                Impuesto a la Junta de Beneficiencia","Obligaciones Tributarias","0.00"
"2.1.7.5.3","                Impuesto a los Activos Totales","Obligaciones Tributarias","0.00"
"2.1.7.5.4","                Impuestos a la Universidad de Guayaquil","Obligaciones Tributarias","0.00"
"2.1.7.5.5","                Impuestos Prediales","Obligaciones Tributarias","0.00"
"2.1.7.5.6","                Impuesto a los Consumos Especiales","Obligaciones Tributarias","0.00"
"2.1.7.5.7","                Iva al Crédito","Impuesto a la Renta por Pagar","0.00"
"2.1.7.6","            Beneficios Sociales por Pagar e Iess","","6,811.60"
"2.1.7.6.1","                Décimo Tercer Sueldo","Obligaciones Sociales con el IESS","4,244.39"
"2.1.7.6.2","                Décimo Cuarto Sueldo","Obligaciones Sociales con el IESS","1,944.38"
"2.1.7.6.3","                Vacaciones","Obligaciones Sociales con el IESS","371.99"
"2.1.7.6.4","                Aportes Patronales y Pers. - Iece Secap I.E.S.S.","Obligaciones Sociales con el IESS","-758.12"
"2.1.7.6.5","                1% Secap - Iece","Obligaciones Sociales con el IESS","109.50"
"2.1.7.6.6","                Fondos de Reservas","Obligaciones Sociales con el IESS","-164.53"
"2.1.7.6.7","                Provisión de Jubilación Patronal","Obligaciones Sociales con el IESS","0.00"
"2.1.7.6.8","                Provisión por Desahucio","Obligaciones Sociales con el IESS","0.00"
"2.1.7.6.9","                Otros Beneficios por Pagar","Obligaciones Sociales con el IESS","1,358.28"
"2.1.7.6.10","                9.45% Aportes Individuales Iess","Obligaciones Sociales con el IESS","0.00"
"2.1.7.6.11","                Prestamos Quirografarios","Obligaciones Sociales con el IESS","-294.29"
"2.1.7.6.12","                Prestamos Hipotecarios","Obligaciones Sociales con el IESS","0.00"
"2.1.7.7","            Nominas","","2,229.81"
"2.1.7.7.1","                Sueldos por Pagar","Obligaciones Sociales con el IESS","0.00"
"2.1.7.7.2","                Sueldos por Pagar Jackeline Gomez","Obligaciones Sociales con el IESS","0.00"
"2.1.7.7.3","                Sueldos por Pagar Ivonne Massuh","Obligaciones Sociales con el IESS","4,364.81"
"2.1.7.7.4","                Sueldos por Pagar Isabela Piedra","Obligaciones Sociales con el IESS","0.00"
"2.1.7.7.5","                Sueldos por Pagar JCSM","Obligaciones Sociales con el IESS","-429.83"
"2.1.7.7.6","                Sueldos por Pagar JCSO","Obligaciones Sociales con el IESS","-1,850.00"
"2.1.7.7.7","                Sueldos por Pagar Ma.Ronquillo","Obligaciones Sociales con el IESS","230.17"
"2.1.7.7.8","                Sueldos por Pagar Joseph Sosa","Obligaciones Sociales con el IESS","-121.76"
"2.1.7.7.9","                Sueldos por Pagar Irene Triviño","Obligaciones Sociales con el IESS","0.00"
"2.1.7.7.10","                Sueldos por Pagar Maria Andrea Perez","Obligaciones por Beneficios de Ley","36.42"
"2.1.7.7.11","                Sueldos por Pagar Juan Andres Santos","Obligaciones Sociales con el IESS","0.00"
"2.1.7.7.12","                Sueldos por Pagar Cristhel Benites","Obligaciones Sociales con el IESS","0.00"
"2.1.7.7.13","                Sueldos por Pagar Catherine Herdoiza","Obligaciones Sociales con el IESS","0.00"
"2.1.7.8","            Participación de Trabajadores","","2,830.14"
"2.1.7.8.1","                10% Trabajadores en General","Participación Trabajadores por Pagar del Ejercicio","0.00"
"2.1.7.8.2","                5% Cargas Familiares","Participación Trabajadores por Pagar del Ejercicio","0.00"
"2.1.7.8.3","                Participación Trabajadores por Pagar","Participación Trabajadores por Pagar del Ejercicio","2,830.14"
"2.1.7.9","            Dividendos por Pagar a Socios","Dividendos por Pagar","0.00"
"2.1.8","        Cuentas por Pagar Diversas/Relacionadas","","3,860.81"
"2.1.8.1","            Cuenta por Pagar Socios o Accionistas","Cuenta por Pagar Relacionadas","3,860.81"
"2.1.8.1.1","                Juan Carlos Santos O. (Socio)","Cuenta por Pagar Relacionadas","0.00"
"2.1.8.1.2","                Cuentas por Pagar Juan Carlos Santos O.","Cuenta por Pagar Relacionadas","3,860.81"
"2.1.8.2","            Cuentas por Pagar Funcionarios y/o Empleados","Cuenta por Pagar Relacionadas","0.00"
"2.1.8.3","            Cuentas por Pagar Compañías Relacionadas","Cuenta por Pagar Relacionadas","0.00"
"2.1.8.4","            Cuentas por Pagar Compañías Relacionadas del Exterior","Cuenta por Pagar Relacionadas","0.00"
"2.1.8.5","            Documentos por Pagar Funcionarios y/o Empleados","Documento por Pagar Relacionadas","0.00"
"2.1.8.6","            Documentos por Pagar Compañías Relacionadas","Documento por Pagar Relacionadas","0.00"
"2.1.8.7","            Cuentas por Pagar Funcionarios y/o Empleados (10% Servicio)","Cuenta por Pagar Relacionadas","0.00"
"2.1.9","        Otros Pasivos Financieros","Otros Pasivos Financieros","0.00"
"2.1.10","        Anticipos de Clientes","Anticipo de Clientes","16,916.16"
"2.1.11","        Pasivos directamente relacionados con los Activos No Corrientes","Pasivos directamente relacionados con Activos No Corrientes","0.00"
"2.1.12","        Porción Corriente de Provisiones por Beneficios a Empleados","","0.00"
"2.1.12.1","            Jubilación Patronal","Jubilación Patronal","0.00"
"2.1.12.2","            Otros Beneficios a largo Plazo para los Empleados","Cuenta por Pagar","0.00"
"2.1.13","        Otros Pasivos Corrientes","Otros Pasivos Corrientes","14,674.42"
"2.1.13.1","            Estrucplan Préstamos","Otros Pasivos Corrientes","-7,738.61"
"2.1.13.2","            Pasdarcar Préstamo","Otros Pasivos Corrientes","40,328.22"
"2.1.13.3","            Estrucplan Varios por Pagar","Otros Pasivos Corrientes","-26,835.00"
"2.1.13.4","            Pasdarcar Varios por Pagar","Otros Pasivos Corrientes","4,188.81"
"2.1.13.5","            Rebeca Pérez - Préstamos","Otros Pasivos Corrientes","0.00"
"2.1.13.6","            Construcciones KKlaere","Otros Pasivos Corrientes","4,000.00"
"2.1.13.7","            Fid Mercantil Hotel Aereopuerto Quito","Otros Pasivos Corrientes","0.00"
"2.1.13.8","            Isabela Piedra compras extranjero x pagar","Otros Pasivos Corrientes","0.00"
"2.1.13.9","            Laptop JGomez","Otros Pasivos Corrientes","0.00"
"2.1.13.10","            Laptop Jasm","Otros Pasivos Corrientes","0.00"
"2.1.13.11","            Renovación Smartsheet","Otros Pasivos Corrientes","0.00"
"2.1.13.12","            Bonos Navideños","Otros Pasivos Corrientes","0.00"
"2.1.13.13","            Prestamo Pasdarcar (Timec-Adriana-Induchan)","Otros Pasivos Corrientes","0.00"
"2.1.13.14","            Pasdarcar Jose Juez- Inmocost","Otros Pasivos Corrientes","0.00"
"2.1.13.15","            Prestamo Pasdarcar Ecuactic","Otros Pasivos Corrientes","581.00"
"2.1.13.16","            Otras Cuentas por Pagar Jackelin Gómez","Otros Pasivos Corrientes","150.00"
"2.1.13.17","            Otras Cuentas por Pagar EC. B. LEON","Otros Pasivos Corrientes","0.00"
"2.1.14","        Rendimientos Cobrados","Anticipo de Clientes","0.00"
"2.1.14.1","            Rendimientos Varios","Anticipo de Clientes","0.00"
"2.1.15","        OTRAS CUENTAS DE ORDEN","Cuenta por Pagar Relacionadas","0.00"
"2.2","    Pasivo No Corriente","","12,186.38"
"2.2.1","        Pasivos por Contratos de Arrendamiento Financiero","Pasivos por Contratos de Arrendamiento Financiero No Corrientes","0.00"
"2.2.2","        Cuentas y Documentos por Pagar","","0.00"
"2.2.2.1","            Cuentas por Pagar","","0.00"
"2.2.2.1.1","                Proveedores No Corriente","Cuenta por Pagar No Corriente","0.00"
"2.2.2.1.2","                Proveedores Exterior No Corriente","Cuenta por Pagar del Exterior No Corriente","0.00"
"2.2.2.2","            Documentos por Pagar","","0.00"
"2.2.2.2.1","                Documento por Pagar Proveedores No Corriente","Documento por Pagar No Corriente","0.00"
"2.2.2.2.2","                Documentos por Pagar Proveedores Exterior No Corriente","Documento por Pagar del Exterior No Corriente","0.00"
"2.2.3","        Obligaciones con Instituciones Financieras","","10,158.70"
"2.2.3.1","            Obligaciones con Instituciones Financieras Locales No Corrientes","Obligaciones con Instituciones Financieras locales No Corrientes","10,158.70"
"2.2.3.1.1","                Préstamo Banco de Manabí","Obligaciones con Instituciones Financieras locales No Corrientes","10,158.70"
"2.2.3.2","            Obligaciones con Instituciones Financieras del Exterior No Corriente","Obligaciones con Instituciones Financieras del Exterior No Corriente","0.00"
"2.2.4","        Cuenta por Pagar Diversas/Relacionadas","","0.00"
"2.2.4.1","            Cuenta por Pagar Socios o Accionistas No Corrientes","Cuenta por Pagar Relacionadas No Corriente","0.00"
"2.2.4.2","            Cuenta por Pagar Funcionarios y/o Empleados No Corriente","Cuenta por Pagar Relacionadas No Corriente","0.00"
"2.2.4.3","            Cuenta por Pagar Compañias Relacionadas No Corriente","Cuenta por Pagar Relacionadas No Corriente","0.00"
"2.2.4.4","            Cuenta por Pagar Compañías Relacionadas del Exterior No Corriente","Cuenta por Pagar Compañías Relacionadas del Ext No Corriente","0.00"
"2.2.5","        Obligaciones Emitidas","Obligaciones Emitidas No Corrientes","0.00"
"2.2.6","        Anticipos de Clientes","Anticipos de Clientes No Corrientes","0.00"
"2.2.7","        Provisiones por Beneficios a Empleados","","2,027.68"
"2.2.7.1","            Jubilación Patronal","Obligaciones por Beneficios de Ley No Corrientes","0.00"
"2.2.7.2","            Otros Beneficios No Corrientes Para los Empleados","Otros Beneficios para los Empleados No Corrientes","0.00"
"2.2.7.3","            Liquidacion de Haberes Empleados","Obligaciones por Beneficios de Ley No Corrientes","2,027.68"
"2.2.8","        Pasivo Diferido","","0.00"
"2.2.8.1","            Ingresos Diferidos","Pasivos por Ingresos Diferidos","0.00"
"2.2.8.2","            Pasivos por Impuestos Diferidos","Pasivos por Impuestos Diferidos","0.00"
"2.2.9","        Otros Pasivos No Corrientes","Otros Pasivos No Corrientes","0.00"
"2.3","    CUENTAS POR PAGAR","Cuenta por Pagar Relacionadas","0.00"
"3","Patrimonio","","134,054.63"
"3.1","    Patrimonio Atribuible a Propietarios","","134,054.63"
"3.1.1","        Capital Social","","10,800.00"
"3.1.1.1","            Capital Social suscrito o pagado","Capital Social Suscrito o Pagado","10,800.00"
"3.1.1.2","            (-) Capital suscrito no pagado, acciones en tesorería","(-) Capital Suscrito no Pagado, Acciones en Tesorería","0.00"
"3.1.2","        Aportes de Socios o Accionistas para Futura Capitalización ","Aportes de Socios o Accionistas para Futura Capitalización","53,150.57"
"3.1.3","        Prima por Emisión Primaria de Acciones","Prima por emisión Primaria de Acciones","0.00"
"3.1.4","        Reservas","","11,819.72"
"3.1.4.1","            Reserva Legal","Legal","11,819.72"
"3.1.4.2","            Reserva Facultativa y Estatutaria","Facultativa y Estatuaria","0.00"
"3.1.4.3","            Reserva de Capital","Reserva de Capital ","0.00"
"3.1.5","        Otros Resultados Integrales","","0.00"
"3.1.5.1","            Superávit por Valuación de Activos Financieros","Superávit por Valuación de Activos Financieros","0.00"
"3.1.5.2","            Superávit por Revaluación de Propiedad, Plantas y Equipos","Superávit por Revaluación de Propiedad, Plantas y Equipos","0.00"
"3.1.5.3","            Superávit por Valuación de Activos Intagibles","Superávit por Revaluacion de Activos Intangibles","0.00"
"3.1.5.4","            Otros Superávit por Revaluación","Otros Superávit por Revaluacion","0.00"
"3.1.6","        Resultados Acumulados","","99,714.39"
"3.1.6.1","            Resultados Acumulados","Ganancias Acumuladas","99,714.39"
"3.1.6.2","            Resultados provenientes de la adopción por 1era vez del las NIIF","Resultados provenientes de la adopción por 1era vez del las NIIF","0.00"
"3.1.6.3","            Perdida Año Anterior","Perdida Acumulada","0.00"
"3.1.7","        Resultado del Ejercicio","","-41,430.05"
"3.1.7.1","            Resultado del Ejercicio","Ganancia neta el Ejercicio","-41,430.05"
"3.2","    Participación No Controladas","","0.00"
"3.2.1","        Participación No Controladas","Participación No Controladas","0.00"
"4","Ingresos","","105,641.22"
"4.1","    Ingresos de Actividades Ordinarias","","105,275.00"
"4.1.1","        Venta de Bienes Varios","Ingresos por Ventas de Bienes","0.00"
"4.1.2","        Prestación de Servicios (Ingresos)","Ingresos por Prestación de Servicios","105,275.00"
"4.1.3","        Devoluciones sobre Ventas","Devoluciones sobre Ventas","0.00"
"4.1.4","        Rebaja y/o Descuentos sobre Ventas","Rebaja y/o Descuentos sobre Ventas","0.00"
"4.1.5","        Ingresos por Regalías Cuotas y Comisiones","Ingresos por Regalías,  Cuotas y Comisiones","0.00"
"4.1.6","        Ingresos por Contratos de Intermediación","Ingresos por Contratos de Intermediación","0.00"
"4.1.7","        Ingresos por Asesoria Financiera","Ingresos por Prestación de Servicios","0.00"
"4.1.7.1","            Pasdarcar","Ingresos por Prestación de Servicios","0.00"
"4.1.7.2","            FIDEICOMISO MERCANTIL HOTEL AEROPUERTO QUITO","Ingresos por Prestación de Servicios","0.00"
"4.1.7.3","            FIDEICOMISO HOTEL AEROPUERTO","Ingresos por Prestación de Servicios","0.00"
"4.1.7.4","            FIDEICOMISO BOSQUES DE LOS CEIBOS","Ingresos por Prestación de Servicios","0.00"
"4.1.7.5","            DIPROFONIA SA","Ingresos por Prestación de Servicios","0.00"
"4.1.8","        Contratos de Construcción","Contratos de Construcción","0.00"
"4.1.9","        Subvenciones del Gobierno","Subvenciones de Gobierno","0.00"
"4.1.10","        Ingresos por Dividendos","Ingresos por Dividendos","0.00"
"4.1.11","        Otros Ingresos de Actividades Ordinarias","Otros Ingresos de Actividades Ordinarias","0.00"
"4.2","    Otros Ingresos de Actividades Ordinarias","","366.22"
"4.2.1","        Fletes","Fletes de Actividades Ordinarias","0.00"
"4.2.2","        Multas","Multas de Actividades Ordinarias","0.00"
"4.2.3","        Intereses","Intereses de Actividades Ordinarias","0.00"
"4.2.4","        Reembolso (No Gravables)","Propinas de Actividades Ordinarias No Gravables","366.22"
"4.3","    Otros Ingresos Financieros","","0.00"
"4.3.1","        Dividendos Financieros","Dividendos Financieros","0.00"
"4.3.2","        Intereses Financieros","Intereses Financieros","0.00"
"4.3.3","        Ganancia de Asociadas y Negocios Conjuntos","Ganancia de Asociadas y Negocios Conjuntos","0.00"
"4.3.4","        Valuación de Instrumentos Financieros","Valuación de Instrumentos Financieros","0.00"
"4.3.5","        Otras Rentas","Otras Rentas","0.00"
"4.4","    Ingresos por Operaciones Discontinuadas","Ingresos por Operaciones discontinuadas","0.00"
"5","Costos y Gastos","","146,425.89"
"5.1","    Costos de Venta y Producción ","","0.00"
"5.1.1","        Materiales Utilizados o Productos Vendidos ","","0.00"
"5.1.1.1","            Bienes No Producidos","Bienes No Producidos","0.00"
"5.1.1.2","            Bienes No Producidos Importados","Bienes No Producidos Importados","0.00"
"5.1.1.3","            Materia Prima","Materia Prima - Costo de Venta","0.00"
"5.1.1.4","            Materia Prima Importada","Materia Prima Importada - Costo de Venta","0.00"
"5.1.1.5","            Productos en Proceso","Productos en Proceso - Costo de Venta","0.00"
"5.1.1.6","            Productos Terminados","Productos Terminados - Costo de Venta","0.00"
"5.1.2","        Mano de Obra Directa","","0.00"
"5.1.2.1","            Sueldos Mano de Obra Directa","Sueldos y Beneficios Sociales - Directa","0.00"
"5.1.2.2","            Sobretiempos Mano de Obra Directa","Sueldos y Beneficios Sociales - Directa","0.00"
"5.1.2.3","            Décimo Tercer Sueldo Mano de Obra Directa","Sueldos y Beneficios Sociales - Directa","0.00"
"5.1.2.4","            Decimo Cuarto Sueldo Mano de Obra Directa","Sueldos y Beneficios Sociales - Directa","0.00"
"5.1.2.5","            Vacaciones Mano de Obra Directa","Sueldos y Beneficios Sociales - Directa","0.00"
"5.1.2.6","            Aportes Patronales al I.E.S.S. Mano de Obra Directa","Sueldos y Beneficios Sociales - Directa","0.00"
"5.1.2.7","            Secap - Iece Mano de Obra Directa","Sueldos y Beneficios Sociales - Directa","0.00"
"5.1.2.8","            Fondos de Reserva Mano de Obra Directa","Sueldos y Beneficios Sociales - Directa","0.00"
"5.1.2.9","            Gastos Planes de Beneficios a Empleados Mano de Obra Directa","Gastos Planes de Beneficios a Empleados - Directa","0.00"
"5.1.3","        Mano de Obra Indirecta","","0.00"
"5.1.3.1","            Sueldos Mano de Obra Indirecta","Sueldos y Beneficios Sociales - Indirecta","0.00"
"5.1.3.2","            Sobretiempos Mano de Obra Indirecta","Sueldos y Beneficios Sociales - Indirecta","0.00"
"5.1.3.3","            Décimo Tercer Sueldo Mano de Obra Indirecta","Sueldos y Beneficios Sociales - Indirecta","0.00"
"5.1.3.4","            Décimo Cuarto Sueldo Mano de Obra Indirecta","Sueldos y Beneficios Sociales - Indirecta","0.00"
"5.1.3.5","            Vacaciones Mano de Obra Indirecta","Sueldos y Beneficios Sociales - Indirecta","0.00"
"5.1.3.6","            Aportes Patronales al I.E.S.S. Mano de Obra Indirecta","Sueldos y Beneficios Sociales - Indirecta","0.00"
"5.1.3.7","            Secap - Iece Mano de Obra Indirecta","Sueldos y Beneficios Sociales - Indirecta","0.00"
"5.1.3.8","            Fondos de Reserva Mano de Obra Indirecta","Sueldos y Beneficios Sociales - Indirecta","0.00"
"5.1.3.9","            Gastos Planes de Beneficios a Empleados - Indirecta","Gastos Planes de Beneficios a Empleados - Indirecta","0.00"
"5.1.4","        Costos Indirectos de Fabricación","","0.00"
"5.1.4.1","            Depreciación Propiedades, Plantas y Equipos","Depreciación Propiedades, Plantas y Equipos","0.00"
"5.1.4.2","            Depreciación de Activos Biológicos","Depreciación de Activos Biológicos","0.00"
"5.1.4.3","            Deterioro de Propiedad, Planta y Equipo","Deterioro de Propiedad, Planta y Equipo","0.00"
"5.1.4.4","            Efecto valor neto de realización de Inventarios","Efecto valor neto de realización de Inventarios","0.00"
"5.1.4.5","            Gasto por Garantías en Venta de Productos o Servicios","Gasto por Garantías en Venta de Productos o Servicios","0.00"
"5.1.4.6","            Mantenimiento y Reparaciones Costos","Mantenimiento y Reparaciones Costos","0.00"
"5.1.4.7","            Suministros, Materiales y Repuestos Costos","Suministros, Materiales y Repuestos Costos","0.00"
"5.1.4.8","            Otros Costos de Producción","Otros Costos de Producción","0.00"
"5.2","    Gastos","","146,425.89"
"5.2.1","        Gastos de Actividades Ordinarias","","146,028.81"
"5.2.1.1","            Ventas","","0.00"
"5.2.1.1.1","                Sueldos Unificados Vtas.","Sueldos y Beneficios Sociales","0.00"
"5.2.1.1.2","                Sobretiempos Vtas.","Sueldos, Salarios y demás Remuneraciones Vtas","0.00"
"5.2.1.1.3","                Gratificaciones Vtas. ","Sueldos, Salarios y demás Remuneraciones Vtas","0.00"
"5.2.1.1.4","                Alimentación Vtas.","Sueldos, Salarios y demás Remuneraciones Vtas","0.00"
"5.2.1.1.5","                Aportes Patronales al IESS Vtas.","Aportes a la Seguridad Social Vtas","0.00"
"5.2.1.1.6","                Secap - Iece Vtas.","Aportes a la Seguridad Social Vtas","0.00"
"5.2.1.1.7","                Fondos de Reserva Vtas.","Aportes a la Seguridad Social Vtas","0.00"
"5.2.1.1.8","                Décimo Tercer Sueldo Vtas.","Beneficios Sociales e Indemnizaciones Vtas","0.00"
"5.2.1.1.9","                Décimo Cuarto Sueldo Vtas.","Beneficios Sociales e Indemnizaciones Vtas","0.00"
"5.2.1.1.10","                Vacaciones Vtas.","Beneficios Sociales e Indemnizaciones Vtas","0.00"
"5.2.1.1.11","                Desahucio Vtas.","Beneficios Sociales e Indemnizaciones Vtas","0.00"
"5.2.1.1.12","                Gastos Planes de Beneficios a Empleados Vtas","Gastos Planes de Beneficios a Empleados Vtas","0.00"
"5.2.1.1.13","                Honorarios Profesionales Vtas.","Gastos Honorarios, Comisiones y Dietas a PN Vtas","0.00"
"5.2.1.1.14","                Servicios Contratados Vtas.","Gastos Honorarios, Comisiones y Dietas a PN Vtas","0.00"
"5.2.1.1.15","                Gastos Remuneraciones a otros trabajadores autónomos Vtas","Gastos Remuneraciones a otros trabajadores autónomos Vtas","0.00"
"5.2.1.1.16","                Gastos Honorarios a extranjeros por Servicios Ocasionales Vtas","Gastos Honorarios a extranjeros por Servicios Ocasionales Vtas","0.00"
"5.2.1.1.17","                Mantenimiento de Equipos Vtas.","Gastos de Mantenimiento, Repuestos y Reparaciones Vtas","0.00"
"5.2.1.1.18","                Reparaciones de Equipos Vtas.","Gastos de Mantenimiento, Repuestos y Reparaciones Vtas","0.00"
"5.2.1.1.19","                Arriendos Vtas","Gastos Arrendamiento Operativo Vtas","0.00"
"5.2.1.1.20","                Comisiones Vtas","Comisiones Vtas","0.00"
"5.2.1.1.21","                Publicidad y Promoción Vtas.","Gastos Promociones y Publicidad Vtas","0.00"
"5.2.1.1.22","                Publicaciones y Agencias Vtas.","Gastos Promociones y Publicidad Vtas","0.00"
"5.2.1.1.23","                Combustible Vtas.","Gastos Combustibles Vtas","0.00"
"5.2.1.1.24","                Lubricantes Vtas.","Gastos Lubricantes Vtas","0.00"
"5.2.1.1.25","                Seguros Vtas.","Gastos Seguros y Reaseguros Vtas","0.00"
"5.2.1.1.26","                Movilización y Transporte Vtas.","Gastos Transporte Vtas","0.00"
"5.2.1.1.27","                Guías de Transportes Vtas.","Gastos Transporte Vtas","0.00"
"5.2.1.1.28","                Fletes Vtas.","Gastos Transporte Vtas","0.00"
"5.2.1.1.29","                Gastos de Gestión Vtas.","Gastos de Gestión Vtas","0.00"
"5.2.1.1.30","                Viajes Vtas.","Gastos de Viajes Vtas","0.00"
"5.2.1.1.31","                Viajes al Exterior Vtas.","Gastos de Viajes Vtas","0.00"
"5.2.1.1.32","                Pasajes Aereos Vtas.","Gastos de Viajes Vtas","0.00"
"5.2.1.1.33","                Energía Eléctrica Vtas.","Agua, Energia, Luz y Telecomunicaciones Vtas","0.00"
"5.2.1.1.34","                Teléfonos Convencionales Vtas.","Agua, Energia, Luz y Telecomunicaciones Vtas","0.00"
"5.2.1.1.35","                Celulares Vtas.","Agua, Energia, Luz y Telecomunicaciones Vtas","0.00"
"5.2.1.1.36","                Internet Vtas.","Agua, Energia, Luz y Telecomunicaciones Vtas","0.00"
"5.2.1.1.37","                Agua Vtas.","Agua, Energia, Luz y Telecomunicaciones Vtas","0.00"
"5.2.1.1.38","                Televisión Pagada Vtas. ","Agua, Energia, Luz y Telecomunicaciones Vtas","0.00"
"5.2.1.1.39","                Gastos Notariales Vtas.","Gastos Notarios y Registradores de la Propiedad Vtas","0.00"
"5.2.1.1.40","                Gastos de Registro Mercantil Vtas.","Gastos Notarios y Registradores de la Propiedad Vtas","0.00"
"5.2.1.1.41","                Impuesto a los Consumos Especiales Vtas. ","Gastos Impuestos, Contribuciones y Otros Vtas","0.00"
"5.2.1.1.42","                Impuesto a Consumos Vtas. ","Gastos Impuestos, Contribuciones y Otros Vtas","0.00"
"5.2.1.1.43","                Tasas y Contribuciones Vtas. ","Gastos Impuestos, Contribuciones y Otros Vtas","0.00"
"5.2.1.1.44","                Contribuciones a Superintendencia de Compañías Vtas.","Gastos Impuestos, Contribuciones y Otros Vtas","0.00"
"5.2.1.1.45","                IVA Gasto Vtas.","Gastos Impuestos, Contribuciones y Otros Vtas","0.00"
"5.2.1.1.46","                Depreciaciones Propiedades Planta y Equipos Vtas.","Gastos Impuestos, Contribuciones y Otros Vtas","0.00"
"5.2.1.1.47","                Depreciaciones de Inversiones Vtas.","Gastos por Depreciación Propiedades de Inversión Vtas","0.00"
"5.2.1.1.48","                Amortizaciones Intangibles Vtas.","Gastos por Amortizaciones Intangibles Vtas","0.00"
"5.2.1.1.49","                Amortizaciones Otros Activos Vtas.","Gastos por Amortizaciones Otros Activos Vtas","0.00"
"5.2.1.1.50","                Gastos por Deterioro Propiedades Planta y Equipos Vtas","Gastos por Deterioro Propiedades, Plantas y Equipos Vtas","0.00"
"5.2.1.1.51","                Gastos de Deterioro Inventario Vtas","Gastos por Deterioro Inventario Vtas","0.00"
"5.2.1.1.52","                Gastos por Deterioro Instrumentos Financieros Vtas","Gastos por Deterioro Instrumentos Financieros Vtas","0.00"
"5.2.1.1.53","                Gastos por Deterioro Intangibles Vtas.","Gastos por Deterioro Intangibles Vtas","0.00"
"5.2.1.1.54","                Gastos por Deterioro Cuentas por Cobrar Vtas","Gastos por Deterioro Cuentas por Cobrar Vtas","0.00"
"5.2.1.1.55","                Gastos por Deterioro Otros Activos Vtas.","Gastos por Deterioro Otros Activos Vtas","0.00"
"5.2.1.1.56","                Gastos Anormales Mano de Obra Vtas.","Gastos Anormales Mano de Obra Vtas","0.00"
"5.2.1.1.57","                Gastos Anormales Materiales Vtas.","Gastos Anormales Materiales Vtas","0.00"
"5.2.1.1.58","                Gastos Anormales Costos de Produccion Vtas","Gastos Anormales Costos de Producción Vtas","0.00"
"5.2.1.1.59","                Gastos por Restructuracion Vtas","Gastos por Reestructuracion Vtas","0.00"
"5.2.1.1.60","                Gastos por Valor Neto de realizacion de Inventarios Vtas","Gastos por Valor Neto de realizacion Inventario Vtas","0.00"
"5.2.1.1.61","                Asociaciones y Suscripciones Vtas.","Otros Gastos Vtas","0.00"
"5.2.1.1.62","                Cuotas y Afiliaciones Vtas.","Otros Gastos Vtas","0.00"
"5.2.1.1.63","                Gastos de Oficina Vtas","Otros Gastos Vtas","0.00"
"5.2.1.1.64","                Capacitación y Entrenamiento Vtas.","Otros Gastos Vtas","0.00"
"5.2.1.1.65","                Uniformes Vtas.","Otros Gastos Vtas","0.00"
"5.2.1.1.66","                Miscelaneos Vtas.","Otros Gastos Vtas","0.00"
"5.2.1.2","            Administrativos","","143,155.66"
"5.2.1.2.1","                Sueldos Unificados Adm.","Sueldos, Salarios y demás Remuneraciones Adm.","51,506.36"
"5.2.1.2.2","                Sobretiempos Adm.","Sueldos, Salarios y demás Remuneraciones Adm.","0.00"
"5.2.1.2.3","                Bonos Adm.","Sueldos, Salarios y demás Remuneraciones Adm.","260.00"
"5.2.1.2.4","                Alimentación Adm.","Sueldos, Salarios y demás Remuneraciones Adm.","926.86"
"5.2.1.2.5","                Aportes Patronales al IESS Adm.","Aportes a la Seguridad Social Adm.","6,148.56"
"5.2.1.2.6","                Secap - Iece Adm.","Aportes a la Seguridad Social Adm.","109.50"
"5.2.1.2.7","                Fondos de Reserva Adm.","Aportes a la Seguridad Social Adm.","2,895.63"
"5.2.1.2.8","                Décimo Tercer Sueldo Adm.","Beneficios Sociales e Indemnizaciones Adm","4,292.19"
"5.2.1.2.9","                Décimo Cuarto Sueldo Adm.","Beneficios Sociales e Indemnizaciones Adm","1,985.61"
"5.2.1.2.10","                Vacaciones Adm.","Beneficios Sociales e Indemnizaciones Adm","672.01"
"5.2.1.2.11","                Desahucio Adm.","Beneficios Sociales e Indemnizaciones Adm","825.00"
"5.2.1.2.12","                Gastos Planes de Beneficios a Empleados Adm.","Gastos Planes de Beneficios a Empleados Adm","0.00"
"5.2.1.2.13","                Honorarios Profesionales Adm.","Gastos Honorarios, Comisiones y Dietas a PN Adm","39,709.28"
"5.2.1.2.14","                Servicios Prestados  Adm.","Gastos Honorarios, Comisiones y Dietas a PN Adm","5,383.00"
"5.2.1.2.15","                Gastos Remuneraciones a otros trabajadores autónomos Adm.","Gastos Remuneraciones a otros trabajadores autónomos Adm","0.00"
"5.2.1.2.16","                Gastos Honorarios a extranjeros por Servicios Ocasionales Adm.","Gastos Honorarios a extranjeros por Servicios Ocasionales Adm","0.00"
"5.2.1.2.17","                Mantenimiento Varios Adm.","Gastos de Mantenimiento, Repuestos y Reparaciones Adm","354.00"
"5.2.1.2.18","                Mantenimiento Vehículos Adm.","Gastos de Mantenimiento, Repuestos y Reparaciones Adm","0.00"
"5.2.1.2.19","                Arriendos Adm.","Gastos Arrendamiento Operativo Adm","1,630.44"
"5.2.1.2.20","                Comisiones Adm.","Comisiones Adm","0.00"
"5.2.1.2.21","                Publicidad y Promoción Adm.","Gastos Promoción y Publicidad Adm.","45.00"
"5.2.1.2.22","                Dominio Correo","Gastos Promoción y Publicidad Adm.","0.00"
"5.2.1.2.23","                Combustible Adm.","Gastos Combustibles Adm","0.00"
"5.2.1.2.24","                Equipos y suministros de oficina Adm.","Otros Gastos Adm","0.00"
"5.2.1.2.25","                Seguros Adm.","Gastos Seguros y Reaseguros Adm","7,370.84"
"5.2.1.2.26","                Movilización y Transporte Adm.","Gastos Transporte Adm","736.57"
"5.2.1.2.27","                Firma Electrónica Adm.","Otros Gastos Adm","0.00"
"5.2.1.2.28","                Gastos de Representación/Aliment","Gastos Transporte Adm","6,549.42"
"5.2.1.2.29","                Intereses Adm.","Gastos Intereses","43.05"
"5.2.1.2.30","                Gastos de Viajes Adm.","Gastos de Viajes Adm","0.00"
"5.2.1.2.31","                Gastos de Gestión Adm.","Gastos de Gestión Adm","0.00"
"5.2.1.2.32","                Pasajes Aereos Adm.","Gastos de Viajes Adm","0.00"
"5.2.1.2.33","                Energía Eléctrica Adm.","Agua, Energia, Luz y Telecomunicaciones Adm","0.00"
"5.2.1.2.34","                Teléfonos Convencionales Adm.","Agua, Energia, Luz y Telecomunicaciones Adm","658.31"
"5.2.1.2.35","                Celulares Adm.","Agua, Energia, Luz y Telecomunicaciones Adm","2,688.17"
"5.2.1.2.36","                Internet Adm.","Agua, Energia, Luz y Telecomunicaciones Adm","977.93"
"5.2.1.2.37","                Agua Adm.","Agua, Energia, Luz y Telecomunicaciones Adm","0.00"
"5.2.1.2.38","                Televisión Pagada Adm.","Agua, Energia, Luz y Telecomunicaciones Adm","284.04"
"5.2.1.2.39","                Gastos Notariales y Legales Adm.","Gastos Notarios y Registradores de la Propiedad Adm","32.38"
"5.2.1.2.40","                Gastos de Registro Mercantil Adm.","Gastos Notarios y Registradores de la Propiedad Adm","0.00"
"5.2.1.2.41","                Impuesto a los Consumos Especiales Adm.","Gastos Impuestos, Contribuciones y Otros Adm","0.00"
"5.2.1.2.42","                Impuesto a los Consumos Adm.","Gastos Impuestos, Contribuciones y Otros Adm","0.00"
"5.2.1.2.43","                Tasas y Contribuciones Adm.","Gastos Impuestos, Contribuciones y Otros Adm","123.38"
"5.2.1.2.44","                Contribuciones a Superintendencia de Compañías Adm.","Gastos Impuestos, Contribuciones y Otros Adm","0.00"
"5.2.1.2.45","                IVA Gasto Adm.","Gastos Impuestos, Contribuciones y Otros Adm","0.00"
"5.2.1.2.46","                Depreciaciones Propiedades Planta y Equipos Adm.","Gastos Impuestos, Contribuciones y Otros Adm","608.89"
"5.2.1.2.47","                Depreciaciones de Inversiones Adm.","Gastos por Depreciación Propiedades de Inversión Adm","0.00"
"5.2.1.2.48","                Amortizaciones Intangibles Adm.","Gastos por Amortizaciones Intangibles Adm","0.00"
"5.2.1.2.49","                Amortizaciones Otros Activos Adm.","Gastos por Amortizaciones Otros Activos Adm","0.00"
"5.2.1.2.50","                Gastos por Deterioro Propiedades Planta y Equipos Adm.","Gastos por Deterioro Propiedades, Plantas y Equipos Adm","0.00"
"5.2.1.2.51","                Gastos de Deterioro Inventario Adm.","Gastos por Deterioro Inventario Adm","0.00"
"5.2.1.2.52","                Gastos por Deterioro Instrumentos Financieros Adm.","Gastos por Deterioro Instrumentos Financieros Adm","0.00"
"5.2.1.2.53","                Gastos por Deterioro Instrumentos Financieros Adm.","Gastos por Deterioro Instrumentos Financieros Adm","0.00"
"5.2.1.2.54","                Gastos por Deterioro Cuentas por Cobrar Adm.","Gastos por Deterioro Cuentas por Cobrar Adm","0.00"
"5.2.1.2.55","                Gastos por Deterioro Otros Activos Adm.","Gastos por Deterioro Otros Activos Adm","0.00"
"5.2.1.2.56","                Gastos Anormales Mano de Obra Adm.","Gastos Anormales Mano de Obra Adm","0.00"
"5.2.1.2.57","                Gastos Anormales Materiales Adm.","Gastos Anormales Materiales Adm","0.00"
"5.2.1.2.58","                Gastos Anormales Costos de Producción Adm.","Gastos Anormales Costos de Producción Adm","0.00"
"5.2.1.2.59","                Gastos por Restructuracion Adm.","Gastos por Reestructuracion Adm","0.00"
"5.2.1.2.60","                Gastos por Valor Neto de realizacion de Inventarios Adm.","Gastos por Valor Neto de realizacion Inventario Adm","0.00"
"5.2.1.2.61","                Asociaciones y Suscripciones Adm.","Otros Gastos Adm","0.00"
"5.2.1.2.62","                Cuotas y Afiliaciones Adm.","Otros Gastos Adm","0.00"
"5.2.1.2.63","                Gastos de Oficina Adm.","Otros Gastos Adm","488.52"
"5.2.1.2.64","                Capacitación y Entrenamiento Adm.","Otros Gastos Adm","0.00"
"5.2.1.2.65","                Uniformes Adm.","Otros Gastos Adm","0.00"
"5.2.1.2.66","                Miscelaneos Adm.","Otros Gastos Adm","141.32"
"5.2.1.2.67","                Salud","Otros Gastos Adm","0.00"
"5.2.1.2.68","                Comisariato","Otros Gastos Adm","1,800.68"
"5.2.1.2.69","                Buró Crediticio","Otros Gastos Adm","636.76"
"5.2.1.2.70","                Alícuotas Arriendos","Gastos Arrendamiento Operativo Adm","3,173.71"
"5.2.1.2.71","                Sistema Contable, Sotware y otros","Otros Gastos Adm","0.00"
"5.2.1.2.72","                Gastos Varios Adm.","Otros Gastos Adm","98.25"
"5.2.1.3","            Gastos Financieros","","2,873.15"
"5.2.1.3.1","                Gastos por Intereses Préstamos Bancarios","Gastos Intereses","1,069.70"
"5.2.1.3.2","                Gastos por Comisiones Bancarias","Gastos Comisiones","0.00"
"5.2.1.3.3","                Gastos de Financiamiento de Activos","Gastos de Financiamiento de Activos","0.00"
"5.2.1.3.4","                Gastos Diferencia en Cambio","Gastos Diferencia en Cambio","0.00"
"5.2.1.3.5","                Otros Gastos Financieros","Otros Gastos Financieros","1,803.45"
"5.2.2","        Gastos No Operacionales","","397.08"
"5.2.2.1","            Otros Gastos","","397.08"
"5.2.2.1.1","                Perdida en Inversiones en Asociadas/Subsidiarias y otras","Perdida en Inversiones en Asociadas/Subsidiarias y otras","0.00"
"5.2.2.1.2","                Intereses Tributarios","Otros Gastos No Deducibles","0.00"
"5.2.2.1.3","                Multas Tributarias ","Otros Gastos No Deducibles","0.00"
"5.2.2.1.4","                Multas Superintendencia de Compañías ","Otros Gastos No Deducibles","0.00"
"5.2.2.1.5","                Faltantes de Inventario","Otros Gastos No Deducibles","0.00"
"5.2.2.1.6","                Faltantes de Caja","Otros Gastos No Deducibles","0.00"
"5.2.2.1.7","                Comprobantes de Ventas que no cumplen requisitos legales","Otros Gastos No Deducibles","0.00"
"5.2.2.1.8","                Gastos de Viajes","Otros Gastos No Deducibles","0.00"
"5.2.2.1.9","                Gastos de Gestión","Otros Gastos No Deducibles","0.00"
"5.2.2.1.10","                Retenciones Asumidas","Otros Gastos No Deducibles","0.00"
"5.2.2.1.11","                Gastos por Cancelación de Propinas","Otros Gastos No Deducibles","326.63"
"5.2.2.1.12","                Gastos No Deducibles","Otros Gastos Adm","70.45"
"5.2.3","        Gastos de Operaciones Descontinuadas","","0.00"
"5.2.3.1","            Gastos de Operaciones Descontinuadas","Gastos de Operaciones Descontinuadas","0.00"
"5.2.4","        Gastos Impuesto Renta - 15% participacion","Otros Gastos Adm","0.00"
"5.2.4.1","            Impuesto Renta Causado","Otros Gastos Adm","0.00"
"5.2.4.2","            Participacion Empleados","Otros Gastos Adm","0.00"